id;family;phone_number;address;start_date;end_date;remark;booking_date;jhi_desc;status;created_date;created_by;last_modified_date;last_modified_by
1;Credit Card Account Connecticut Marketing;Director;Assistant;2020-09-01;2020-09-01;Taka;2020-09-01T16:23:33;Future alarm Cedi;BOOKED;2020-08-31T21:31:04;deliver;2020-09-01T00:54:43;THX Savings Account Group
2;Up-sized;open-source Cambridgeshire France;transmit payment digital;2020-09-01;2020-09-01;Taiwan;2020-09-01T12:39:23;Sleek;CANCELLED;2020-09-01T17:14:28;matrix;2020-09-01T13:03:24;Seamless International challenge
3;AI Jewelery;European Unit of Account 17(E.U.A.-17);Concrete;2020-09-01;2020-09-01;Tennessee;2020-09-01T10:01:09;infomediaries;REQUESTED;2020-09-01T12:42:16;monitor robust Bacon;2020-09-01T05:26:24;adapter
4;GB application;Avon neural Knoll;Chicken;2020-09-01;2020-09-01;Comoros synthesize;2020-09-01T12:39:15;Licensed Rubber Keyboard;PAID;2020-09-01T00:51:33;Papua New Guinea;2020-09-01T06:14:27;Music salmon Industrial
5;capability withdrawal;architecture Dynamic;content;2020-08-31;2020-09-01;Personal Loan Account matrices Granite;2020-09-01T17:01:01;hacking;PAID;2020-09-01T12:44:58;logistical Nevada program;2020-09-01T11:24:29;Rhode Island deposit
6;Nebraska Infrastructure cross-platform;Berkshire;wireless;2020-09-01;2020-09-01;Bedfordshire;2020-09-01T15:03:17;Yemen Corporate;BOOKED;2020-09-01T13:11:22;AI Health;2020-09-01T16:56:29;Agent Table
7;Investment Account;reinvent;Tools;2020-09-01;2020-09-01;program RAM;2020-09-01T15:34:15;PNG;BOOKED;2020-09-01T20:12:11;microchip withdrawal Forward;2020-09-01T06:35:30;methodologies
8;generating Pitcairn Islands online;black synthesizing Communications;Yen;2020-08-31;2020-09-01;enable RSS Credit Card Account;2020-09-01T05:36:15;Plains;CANCELLED;2020-09-01T13:11:45;Practical methodologies calculate;2020-09-01T01:25:41;Extended Books
9;Global;haptic;metrics copy revolutionary;2020-08-31;2020-09-01;Future;2020-09-01T15:56:01;bypass;PAID;2020-09-01T02:55:30;Fresh Unbranded Wooden Chair;2020-09-01T04:24:25;National
10;connect Directives;explicit best-of-breed Table;deposit British Indian Ocean Territory (Chagos Archipelago);2020-09-01;2020-09-01;Avon;2020-09-01T15:08:05;Ethiopia Forward portal;CANCELLED;2020-09-01T04:33:57;Team-oriented primary withdrawal;2020-09-01T07:27:43;budgetary management
