id;program_type;location;etime;family;phone_number;address;with_langar;langar_menu;langar_time;due_amt;paid_amt;bal_amt;reciept_number;remark;booking_date;status
1;SUKHMANI_SAHIB;GALLERY_UPSTAIRS;2020-04-08T00:11:19;haptic website SMS;content-based white;Unbranded Steel Hat portals;false;SIMPLE_JALEBI_SHAHIPANEER;2020-04-08T13:36:19;59199;3540;59463;43540;compressing;2020-04-08T20:43:13;REQUESTED
2;SEHAJ_PATH_BHOG;HALL_2;2020-04-08T04:08:30;Brunei Dollar Oklahoma;executive Bedfordshire;cutting-edge Handcrafted Rubber Gloves feed;true;SIMPLE_JALEBI_SHAHIPANEER;2020-04-08T18:34:05;12001;527;39718;30161;Iraqi Dinar programming;2020-04-08T10:02:23;CANCELLED
3;SEHAJ_PATH_BHOG;HALL_3;2020-04-08T15:19:11;lavender;Yen Rhode Island pricing structure;virtual mobile;false;SIMPLE_KHEER_MATARPANEER;2020-04-08T11:18:16;63914;86550;86169;1080;haptic;2020-04-08T02:12:54;BOOKED
4;AKHAND_PATH_SAHIB;HALL_2;2020-04-08T06:41:32;Texas Tuna;recontextualize intuitive Liaison;Buckinghamshire installation;false;SIMPLE_JALEBI_MATARPANEER;2020-04-08T05:46:39;67506;99072;53673;29954;Functionality Burundi Franc deploy;2020-04-08T06:39:52;CANCELLED
5;SEHAJ_PATH_BHOG;GNSG_SENIOR_CENTER;2020-04-08T03:07:00;deposit Consultant payment;aggregate New Jersey hybrid;Adaptive Investor interface;false;SIMPLE_KHEER_MATARPANEER;2020-04-08T15:01:55;74692;49111;17543;23553;Investor;2020-04-07T23:08:30;COMPLETED
6;SUKHMANI_SAHIB;GALLERY_UPSTAIRS;2020-04-08T05:15:06;Fresh Sri Lanka;SQL;transmitting Intelligent Wooden Computer;true;SIMPLE_KHEER_SHAHIPANEER;2020-04-08T17:02:29;74077;13261;96464;39219;Georgia Fresh;2020-04-07T21:57:16;COMPLETED
7;SUKHMANI_SAHIB;HALL_2;2020-04-08T01:32:35;bandwidth Salad;bandwidth Chips;invoice transmitting;true;SIMPLE_JALEBI_SHAHIPANEER;2020-04-08T18:10:26;1226;80930;94183;5529;Cloned Gloves Branding;2020-04-08T09:34:56;CANCELLED
8;AKHAND_PATH_SAHIB;HOME;2020-04-07T22:47:52;Ergonomic systems bandwidth;circuit Chad;Regional turquoise transmitting;true;SIMPLE_KHEER_SHAHIPANEER;2020-04-08T05:13:36;15970;17962;8103;63732;dynamic Balboa US Dollar invoice;2020-04-08T12:13:15;COMPLETED
9;FUNERAL_SEHAJ_PATH_BHOG;HOME;2020-04-08T12:32:05;lime Customer-focused enhance;TCP integrated;deposit;false;SIMPLE_JALEBI_MATARPANEER;2020-04-08T13:48:00;76649;32293;23548;84364;Soft Function-based;2020-04-08T08:15:52;REQUESTED
10;SEHAJ_PATH_START;HALL_2;2020-04-08T04:17:36;synthesize array;parsing Fort markets;SAS;false;SIMPLE_KHEER_SHAHIPANEER;2020-04-08T15:30:43;5978;88140;88406;39246;navigate Human;2020-04-08T18:08:26;BOOKED
